INSERT INTO orquestra (id_orquestra, nome, cidade, pais, data_criacao) VALUES
(1, 'Orquestra Sinfônica de São Paulo', 'São Paulo', 'Brasil', '2000-04-12'),
(2, 'Orquestra Filarmônica de Minas Gerais', 'Belo Horizonte', 'Brasil', '1995-09-22'),
(3, 'Orquestra Sinfônica Brasileira', 'Rio de Janeiro', 'Brasil', '1988-03-15'),
(4, 'Orquestra Sinfônica da Bahia', 'Salvador', 'Brasil', '1999-07-19'),
(5, 'Orquestra Filarmônica de Goiás', 'Goiânia', 'Brasil', '1990-12-11'),
(6, 'Orquestra Sinfônica do Paraná', 'Curitiba', 'Brasil', '2005-02-14'),
(7, 'Orquestra Sinfônica de Porto Alegre', 'Porto Alegre', 'Brasil', '1985-06-25'),
(8, 'Orquestra Sinfônica do Estado de São Paulo', 'São Paulo', 'Brasil', '1978-11-30'),
(9, 'Orquestra Sinfônica do Recife', 'Recife', 'Brasil', '1993-08-17'),
(10, 'Orquestra Filarmônica de Brasília', 'Brasília', 'Brasil', '2001-01-09');

INSERT INTO Musico (nome_completo, identidade, nacionalidade, data_nascimento, email, id_orquestra) VALUES
('Carlos Pereira', '123456789', 'Brasileiro', '1980-01-15','ipjaws@gmail.com', 1),
('Mariana Souza', '987654321', 'Brasileira', '1978-05-23','oadncv@gmail.com', 2),
('Pedro Carvalho', '567890123', 'Brasileiro', '1985-08-19','aidhvba@gmail.com', 3),
('Ana Oliveira', '234567890', 'Brasileira', '1990-09-12','kjfvfjhv@gmail.com', 4),
('João Silva', '345678901', 'Brasileiro', '1975-11-05','audihvbo@gmail.com', 5),
('Bruno Costa', '456789012', 'Brasileiro', '1983-07-14','akjdbv@gmail.com', 6),
('Sofia Andrade', '567890234', 'Brasileira', '1988-03-22','auobdv@gmail.com', 7),
('Luciana Fernandes', '678901234', 'Brasileira', '1979-10-30','oaiujbfv@gmail.com', 8),
('Gabriel Moreira', '789012345', 'Brasileiro', '1986-06-17','avihb@gmail.com', 9),
('Isabel Ramos', '890123456', 'Brasileira', '1992-02-28','oubvvbab@gmail.com', 10),
('Daniel Ferreira', '111222333', 'Brasileiro', '1982-02-12', 'daniel.ferreira@gmail.com', 1),
('Fernanda Santos', '222333444', 'Brasileira', '1985-08-10', 'fernanda.santos@gmail.com', 2),
('Lucas Oliveira', '333444555', 'Brasileiro', '1990-03-18', 'lucas.oliveira@gmail.com', 3),
('Paula Souza', '444555666', 'Brasileira', '1989-11-25', 'paula.souza@gmail.com', 4),
('Rafael Lima', '555666777', 'Brasileiro', '1984-06-30', 'rafael.lima@gmail.com', 5),
('Júlia Costa', '666777888', 'Brasileira', '1986-12-01', 'julia.costa@gmail.com', 6),
('Bruno Carvalho', '777888999', 'Brasileiro', '1991-07-15', 'bruno.carvalho@gmail.com', 7),
('Carolina Andrade', '888999000', 'Brasileira', '1983-09-22', 'carolina.andrade@gmail.com', 8),
('Thiago Martins', '999000111', 'Brasileiro', '1987-05-20', 'thiago.martins@gmail.com', 9),
('Patrícia Gonçalves', '000111222', 'Brasileira', '1993-04-04', 'patricia.goncalves@gmail.com', 10),
('Rodrigo Alves', '123456789', 'Brasileiro', '1988-02-14', 'rodrigo.alves@gmail.com', 1),
('Mônica Silva', '987654321', 'Brasileira', '1992-06-12', 'monica.silva@gmail.com', 2),
('Gabriel Barbosa', '456789123', 'Brasileiro', '1984-10-05', 'gabriel.barbosa@gmail.com', 3),
('Aline Pereira', '654321987', 'Brasileira', '1990-01-20', 'aline.pereira@gmail.com', 4),
('Leonardo Rocha', '321654987', 'Brasileiro', '1981-08-18', 'leonardo.rocha@gmail.com', 5),
('Renata Melo', '789123456', 'Brasileira', '1985-04-09', 'renata.melo@gmail.com', 6),
('Felipe Costa', '321987654', 'Brasileiro', '1987-12-13', 'felipe.costa@gmail.com', 7),
('Amanda Souza', '789456123', 'Brasileira', '1994-09-29', 'amanda.souza@gmail.com', 8),
('Lucas Nogueira', '456123789', 'Brasileiro', '1989-05-25', 'lucas.nogueira@gmail.com', 9),
('Isabela Oliveira', '654789321', 'Brasileira', '1986-03-30', 'isabela.oliveira@gmail.com', 10),
('João Mendes', '112233445', 'Brasileiro', '1980-07-01', 'joao.mendes@gmail.com', 1),
('Catarina Lima', '223344556', 'Brasileira', '1982-09-12', 'catarina.lima@gmail.com', 2),
('Bruno Santana', '334455667', 'Brasileiro', '1988-11-17', 'bruno.santana@gmail.com', 3),
('Mariana Ribeiro', '445566778', 'Brasileira', '1991-05-06', 'mariana.ribeiro@gmail.com', 4),
('Felipe Ferreira', '556677889', 'Brasileiro', '1990-12-11', 'felipe.ferreira@gmail.com', 5),
('Beatriz Lima', '667788990', 'Brasileira', '1983-03-23', 'beatriz.lima@gmail.com', 6),
('Rafael Oliveira', '778899001', 'Brasileiro', '1985-08-15', 'rafael.oliveira@gmail.com', 7),
('Sabrina Silva', '889900112', 'Brasileira', '1994-02-22', 'sabrina.silva@gmail.com', 8),
('Fernando Martins', '990011223', 'Brasileiro', '1986-06-08', 'fernando.martins@gmail.com', 9),
('Paulo Andrade', '011223344', 'Brasileiro', '1992-10-18', 'paulo.andrade@gmail.com', 10),
('Marcela Mendes', '122334455', 'Brasileira', '1987-11-26', 'marcela.mendes@gmail.com', 1),
('Vinícius Costa', '233445566', 'Brasileiro', '1989-09-09', 'vinicius.costa@gmail.com', 2),
('Cláudia Rocha', '344556677', 'Brasileira', '1990-12-14', 'claudia.rocha@gmail.com', 3),
('Ricardo Nunes', '455667788', 'Brasileiro', '1984-04-04', 'ricardo.nunes@gmail.com', 4),
('André Gomes', '566778899', 'Brasileiro', '1991-03-17', 'andre.gomes@gmail.com', 5),
('Vanessa Silva', '677889900', 'Brasileira', '1985-01-30', 'vanessa.silva@gmail.com', 6),
('Eduardo Ferreira', '788990011', 'Brasileiro', '1988-05-11', 'eduardo.ferreira@gmail.com', 7),
('Juliana Oliveira', '899001122', 'Brasileira', '1990-07-21', 'juliana.oliveira@gmail.com', 8),
('Rogério Souza', '900112233', 'Brasileiro', '1986-02-17', 'rogerio.souza@gmail.com', 9),
('Fernanda Lima', '011223344', 'Brasileira', '1991-09-23', 'fernanda.lima@gmail.com', 10),
('Carlos Melo', '122334455', 'Brasileiro', '1987-03-15', 'carlos.melo@gmail.com', 1),
('Aline Costa', '233445566', 'Brasileira', '1993-08-18', 'aline.costa@gmail.com', 2),
('Bruno Gomes', '344556677', 'Brasileiro', '1985-10-12', 'bruno.gomes@gmail.com', 3),
('Marcela Santos', '455667788', 'Brasileira', '1988-04-27', 'marcela.santos@gmail.com', 4),
('Gustavo Almeida', '566778899', 'Brasileiro', '1982-02-14', 'gustavo.almeida@gmail.com', 5),
('Tatiana Ribeiro', '677889900', 'Brasileira', '1990-11-01', 'tatiana.ribeiro@gmail.com', 6),
('Rafael Mendes', '788990011', 'Brasileiro', '1989-12-31', 'rafael.mendes@gmail.com', 7),
('Ana Santos', '899001122', 'Brasileira', '1987-07-14', 'ana.santos@gmail.com', 8),
('João Barbosa', '900112233', 'Brasileiro', '1992-10-25', 'joao.barbosa@gmail.com', 9),
('Larissa Pereira', '011223344', 'Brasileira', '1984-06-18', 'larissa.pereira@gmail.com', 10);

INSERT INTO instrumento (id_instrumento, nome, descricao, tipo) VALUES
(1, 'Violino', 'Instrumento de corda', 'Corda'),
(2, 'Piano', 'Instrumento de teclado', 'Teclado'),
(3, 'Flauta', 'Instrumento de sopro', 'Sopro'),
(4, 'Trompete', 'Instrumento de metal', 'Sopro'),
(5, 'Harpa', 'Instrumento de corda dedilhada', 'Corda'),
(6, 'Contrabaixo', 'Instrumento de corda grave', 'Corda'),
(7, 'Tímpano', 'Instrumento de percussão', 'Percussão'),
(8, 'Saxofone', 'Instrumento de sopro', 'Sopro'),
(9, 'Clarinete', 'Instrumento de sopro', 'Sopro'),
(10, 'Violoncelo', 'Instrumento de corda', 'Corda');

INSERT INTO sinfonia (id_sinfonia, nome, data_criacao) VALUES
(1, 'Sinfonia da Amazônia', '2001-05-10'),
(2, 'Sinfonia do Pantanal', '1999-04-18'),
(3, 'Sinfonia do Cerrado', '1997-03-30'),
(4, 'Sinfonia das Águas', '1996-12-22'),
(5, 'Sinfonia do Sertão', '1988-07-17'),
(6, 'Sinfonia das Montanhas', '2004-09-11'),
(7, 'Sinfonia da Mata Atlântica', '2002-06-15'),
(8, 'Sinfonia do Café', '2003-08-28'),
(9, 'Sinfonia da Terra Vermelha', '2005-03-05'),
(10, 'Sinfonia do Rio São Francisco', '2006-12-10');

INSERT INTO concerto (id_concerto, id_orquestra, id_sinfonia, local, data_hora) VALUES
(1, 1, 1, 'Sala São Paulo', '2024-10-15 20:00:00'),
(2, 2, 2, 'Palácio das Artes', '2024-11-20 19:30:00'),
(3, 3, 3, 'Theatro Municipal do Rio de Janeiro', '2024-12-05 18:00:00'),
(4, 4, 4, 'Concha Acústica de Salvador', '2024-12-10 20:00:00'),
(5, 5, 5, 'Teatro Goiânia', '2025-01-15 19:00:00'),
(6, 6, 6, 'Teatro Guaíra', '2025-02-12 18:30:00'),
(7, 7, 7, 'Theatro São Pedro', '2025-03-22 20:00:00'),
(8, 8, 8, 'Sala São Paulo', '2025-04-14 19:30:00'),
(9, 9, 9, 'Teatro de Santa Isabel', '2025-05-03 18:00:00'),
(10, 10, 10, 'Teatro Nacional Cláudio Santoro', '2025-06-10 20:00:00');

INSERT INTO musico_sinfonia (id_musico, id_sinfonia) VALUES
(1, 1),
(2, 2),
(3, 3),
(4, 4),
(5, 5),
(6, 6),
(7, 7),
(8, 8),
(9, 9),
(10, 10);

INSERT INTO musico_instrumento (id_musico, id_instrumento) VALUES
(1, 1),
(2, 2),
(3, 3),
(4, 4),
(5, 5),
(6, 6),
(7, 7),
(8, 8),
(9, 9),
(10, 10);
